1369089120102981637,belefantiasis compra bitcoin y dolares,443435723,2021-03-09 00:54:17
1369089123210825732,i’m excited to share my non profit organization raising funds to help black swers black trans women men people mentallyemotionallyfinancially spiritually affected by covid designing websites for small businesses accepting venmo paypal cash app bitcoin httpstcomenifkqhj,327888219,2021-03-09 00:54:18
1369089126901968901,its looking more and more likely that bitcoin will be the world reserve asset currency this is both exhilarating and concerning with so many nocoiners out there,90303704,2021-03-09 00:54:18
1369089134095138817,i’m happy my investors are benefiting from bitcoin trade i trade with passion that’s why i make huge profits dm today let’s ride httpstcoeufgwltqh,1212649284186718213,2021-03-09 00:54:20
1369089136880140289,linkedin anniversary twitter facebook instagram bitcoin socialmedia pinterest medium reddit gift gifts giftideas shop shopping affiliatemarketing drizly delivers the drinks to you beer wine liquor delivered in under minutes httpstcoqfgkmd,617853906,2021-03-09 00:54:21
1369089137966514183,meghanandharryonoprah or bitcoin or wsbmemes or deep dd all of the above,1367600719956742155,2021-03-09 00:54:21
1369089139333722113,itsdogecoin nope its better than bitcoin,936402893787111424,2021-03-09 00:54:21
1369089146946486273,businesstips tips business freelancer amazon crypto cryptocurrency cryptocurrenices in bitcoin as a signup bonus if you spend within your first three months httpstcododnonc,617853906,2021-03-09 00:54:23
1369089155490140162,garepublicans putting that bitcoin on mtgreenee could payout but maybe not,104602193,2021-03-09 00:54:25
1369089156257902593,bitcoin forex crypto cryptocurrency coinbase crypto cryptocurrency cryptocurrenices dogearmy dogecoin pipeflare free zec and doge faucet free games and earn cryptocoin httpstcotvvbbecvt,617853906,2021-03-09 00:54:25
1369089160179445763,neiltyson sethmacfarlane build a group use a computer or phone to cloud mine bitcoin super easy passive income check it out httpstcogjqyb,1369066745713946626,2021-03-09 00:54:26
1369089164256411654,bitcoin crash over bottom in surprising bitcoin news says yes bitcoin analysis today httpstcolytbjmy,1362919715853762561,2021-03-09 00:54:27
1369089165069979649,“it took five days and btw we barely moved the pricewe bought over m of digital assets” eric peters with tseides bitcoin ether,226722303,2021-03-09 00:54:28
1369089169985781760,i just joined this k crypto giveaway by jrnycrypto and sparkpointio get daily entries to increase your chances of winning random winners of k each bitcoin crypto btc eth srk httpstcoiyqogvcdbi,1351311004798492673,2021-03-09 00:54:29
1369089178475053056,progress of bitcoin reaching the value of gold ▓▓░░░░░░░░░░░░░ t t,1060543868217765888,2021-03-09 00:54:31
1369089178386931712,no need to spend your own money to trade cryptocurrency over k users won crypto rewards on latokens last week its the best way to join the financial revolution start by earning a share of k in cliq airdrop httpstconhjtdphv bitcoin eth citi aon latoken,1278189555716423680,2021-03-09 00:54:31
1369089179502710789,morgan stanley soros tap into bitcoin speedy taproot ethereum’s berlin more news httpstcorousaxr,1160073559844249600,2021-03-09 00:54:31
1369089200239349769,bitcoin btc pi dogecoinrise dl these apps to mine from mobile for free pi network bee network eagle network timestope midoin invite code cobra pi is coming to market by then end of midoin will only ever have million coins join me nothing to lose httpstcojvdljenma,1363389132656037888,2021-03-09 00:54:36
1369089201258467330,so it begins mr pool says buy httpstcoxszxuwexx,1070522825646063617,2021-03-09 00:54:36
1369089207373881345,apompliano must be pumpingprice tweets bitcoin,14223886,2021-03-09 00:54:38
1369089213849763845,caracarriveau buy some bitcoin is good too,37808043,2021-03-09 00:54:39
1369089216756473856,rycaster jacksfilms httpstcoqiaqstrz power use is not equal to more co dirtiest examples are gas flares they burn anyway so why not use the heat for a computer or hydro which produces too much energy during rainy seasons and nfts run on ethereum that will switch to pos the next years,868906118,2021-03-09 00:54:40
1369089219310678016,sethmacfarlane build a group use a computer or phone to cloud mine bitcoin super easy passive income check it out httpstcogjqyb,1369066745713946626,2021-03-09 00:54:40
1369089222271926272,spacmaster investmentsceo you would need a market cap of more than bitcoin,1323701847635320832,2021-03-09 00:54:41
1369089221521252356,completed breakdown on bitcoin bitcoin btc bitcoinangel bitcoinmining bitcoinchart bitcoinanalysis elonmusk httpstcondavuiebja,1350952775623053314,2021-03-09 00:54:41
1369089233240080384,tillosopher allenf dude i had a very hard time also understanding this but after i spend a bit of time i sit down with my buddy and we try to explain what we understood and how this links to bitcoin httpstcoxlcofhckr,712425670987673600,2021-03-09 00:54:44
1369089233839738886,publicly listed maker of billionuser chinese app meitu buys million of bitcoin and ether for its treasury httpstcochnhvxsngi,1271476433496363008,2021-03-09 00:54:44
1369089234993348608,btc btc bitcoin hold on to your hats its about to get interesting httpstcowjbylgxmsi,779706763583090688,2021-03-09 00:54:44
1369089237124014080,i’m happy my investors are benefiting from bitcoin trade i trade with passion that’s why i make huge profits dm today let’s ride httpstcokuaodqezz,1212649284186718213,2021-03-09 00:54:45
1369089237765607424,want proof here is a video of mutual aid done for a swer of color victim of domestic violencewe at deloachdesign helped her get housed and fed vnmo deloachdesign ca deloachdesign paypal httpstcocuywuu bitcoin bcqemuhtnzevpczfjhsvcxhlh httpstcogtbzlyo,327888219,2021-03-09 00:54:45
1369089247295254533,glacereon russellokung thank you i am eternally grateful now i hope that bitcoin will grow even more and i will become a millionaire,1247489587959775232,2021-03-09 00:54:47
1369089248616386561,where are your karat bitcoin rings httpstcobykzuhc,942179046036717569,2021-03-09 00:54:47
1369089250944192518,want to see another testimony crowdfunding via the community to help a trans performer get housed remember you can support via vnmo deloachdesign ca deloachdesign paypal httpstcocuywuu bitcoin bcqemuhtnzevpczfjhsvcxhlh httpstcolqwvefpxr,327888219,2021-03-09 00:54:48
1369089252714106880,silver market is broken httpstconlwyccpb money success successtips markets silvereconomy silver gold metals mining goldmining wealthcreation economy investment wealth currency investors inflation finance business savings bitcoin global financial,18524851,2021-03-09 00:54:48
1369089255256059909,glacereon russellokung now i will wait for the price of bitcoin to rise to,721868945934802944,2021-03-09 00:54:49
1369089261992042498,publicly listed maker of billionuser chinese app meitu buys million of bitcoin and ether for its treasury httpstcoflkkpjzcw btc,771502019471220736,2021-03-09 00:54:51
1369089263875158016,christiannsen sign up and get your new user bonus chance to win crypto with regular airdrops and events logged into the worlds best crypto exchange httpstcojpqcnbhz bitcoin btc airdrop airdrops blockchain crypto cryptocurrency ethereum eth xrp,1320412372784324609,2021-03-09 00:54:51
1369089267733950466,i just joined this k crypto giveaway by jrnycrypto and sparkpointio get daily entries to increase your chances of winning random winners of k each bitcoin crypto btc eth srk,1361863268432629762,2021-03-09 00:54:52
1369089269889966090,i just joined this k crypto giveaway by jrnycrypto and sparkpointio get daily entries to increase your chances of winning random winners of k each bitcoin crypto btc eth srk httpstcoqjitfyyj,2908491753,2021-03-09 00:54:53
1369089271630422017,how to get a share of k worth of free coin for free join latokens free coin airdrop complete easy social tasks and earn an assured reward ⭐kyc not needed if youve installed latokenapp earn now httpstcohualbglqo cryptocurrency tesla bitcoin latoken,1360767883085680642,2021-03-09 00:54:53
1369089272352018436,tue mar usd wght blk size txs pool mb bitcoin,736956852764835841,2021-03-09 00:54:53
1369089275929632768,samuelljackson alzassociation build a group use a computer or phone to cloud mine bitcoin super easy passive income check it out httpstcogjqyb,1369066745713946626,2021-03-09 00:54:54
1369089279654322179,okay can someone explain to me what these nfts are like i think i get the blockchain i understand enough of what bitcoin is but how is it art are there lootboxes now,554561506,2021-03-09 00:54:55
1369089281797414915,one of us httpstcokitfcgngt,967612439138152449,2021-03-09 00:54:55
1369089291654152195,i’m happy my investors are benefiting from bitcoin trade i trade with passion that’s why i make huge profits dm today let’s ride httpstconeonckmn,1212649284186718213,2021-03-09 00:54:58
1369089293327605760,if you’re like me with more than of my your portfolio investments in cryptocurrencies then you should double down on earning interest on your crypto assets recently i discovered gemini app which allows you to earn interest on major crypto assets bitcoin,956614975228805120,2021-03-09 00:54:58
1369090457079316480,markets wrap ethereum breaks bitcoin sees resistance httpstcowvdlsap,1282598784246128642,2021-03-09 00:59:36
1369090457913847808,benkaufman alanwalkerbtc bitcoin has been running at uptime for years processing trillions of dollars without a single fraudulent transaction in a decentralised monetary protocol that anyone can access can naysayers please explain to me again why bitcoin has no value,1014666657686409216,2021-03-09 00:59:36
1369090459616780288,juliomedina itairdrop on i invested bucks of that stimmy check on vgx and today that bucks is worth im so glad that was one of many purchases besides my portion to bitcoin,1345507066224365569,2021-03-09 00:59:36
1369090472803586049,alexjferraro ok alex get ready it’s about to happen again bitcoin goes parabolic hits k then we get everyone to dance globally cryptonikbr analogsampler eclark time is our friend,20660296,2021-03-09 00:59:39
1369090473558675457,publicly listed maker of billionuser chinese app meitu buys million of bitcoin and ether for its treasury httpstcogclbczmds,1264689743159152640,2021-03-09 00:59:40
1369090474028457987,itstruegif,227948346,2021-03-09 00:59:40
1369090479846002692,jonrothstein half their endowment is in bitcoin,721817395900362753,2021-03-09 00:59:41
1369091420309622784,lumptoast and more crypto bitcoin,249897069,2021-03-09 01:03:25
1369091427142090760,linkedin twitter facebook instagram bitcoin socialmedia pinterest shoppingtime medium deal gift gifts giftideas shop shopping shoppingonline cooking homecooking affiliatemarketing become a member httpstcoqpcyyfqyq,1293420361762009088,2021-03-09 01:03:27
1369091428438011907,ethereum to roll out berlin upgrade with eips httpstcovrrwtn crypto cryptonews btc eth bitcoin,1270845412690333696,2021-03-09 01:03:27
1369091429172121600,the fact that cardano isn’t affected by the price movement of bitcoin is mind boggling it makes me even more curious but even more bullish it’s different and that’s all there is it’s the ugly duckling that few love ada ada httpstcorcjfrwekgq,409549293,2021-03-09 01:03:27
1369092181202378752,i just joined this k crypto giveaway by jrnycrypto and sparkpointio get daily entries to increase your chances of winning random winners of k each bitcoin crypto btc eth srk httpstcovyzynbkj,772340125233614848,2021-03-09 01:06:27
1369092199179227137,love earnmoney money affiliate affiliatemarketing earn money affiliatemarketing gift shopping gifts onlineshopping bitcoin free shipping on purchases over at amazon httpstconzgzzagvt,617853906,2021-03-09 01:06:31
1369092215352397825,documentingbtc with bitcoin going up in price and gold price dumping we should see the flippening very soon httpstcouvnjhxkod,20795979,2021-03-09 01:06:35
1369092217881554944,httpstcousshnxuayw signup bonus paste this code ztfagfidluovquxzizqhrmqbpad how to start deposit bitcoin or eth purchase any trading card open new tid passiveincome begins httpstcoehzqkwrij insiderprotocol indiawantscrypto httpstcoynktyoogg,1200301593293250560,2021-03-09 01:06:35
1369092226907742209,peterkonefal brave bitcoin exxonmobil we dont integrate bitcoin into brave why did you think we do we did a prototype using it in removed in,9533042,2021-03-09 01:06:38
1369092232297537536,im too lazy to add lasers so i just do subcontract my laziness out to gregzaj and he does it for me lightning is the best bitcoin httpstcodpmwfs,1344493963831635968,2021-03-09 01:06:39
1369092238672879620,rolldeepringa sammymatthews shoulda kept that bitcoin when it was,940560286746017792,2021-03-09 01:06:40
1369092239788478464,been doing so for years this is not news bbg,248707613,2021-03-09 01:06:41
1369092240530956288,publicly listed maker ofonuser chinese app meitu buys million of bitcoin and ether for its treasury httpstcohzulxcewi bitcoin httpstcogaimxfvmh,1097488661699006464,2021-03-09 01:06:41
1369092241067802626,look what i found bitcoin coin collectible httpstcosmmjgbyin rarible ethereum nonfungible digitalasset nft via rariblecom,1163963306,2021-03-09 01:06:41
1369112098035359744,mcuban dallasmavs tomorrow is launch day to the moon for canadians don’t miss out on dogecoin and sign up for ndax now it is the number one crypto platform in canada httpstcoshvinoin free with deposit cryptocurrency bitcoin dogecoinrise,24556010,2021-03-09 02:25:35
1369112099448885248,eroltunaasar russellokung thank you i am eternally grateful now i hope that bitcoin will grow even more and i will become a millionaire,1171327849506193408,2021-03-09 02:25:36
1369112106394607619,gold vs bitcoin part careful what you wish for httpstcojrdghbsnok,18856867,2021-03-09 02:25:37
1369112107543912451,eroltunaasar russellokung now i will wait for the price of bitcoin to rise to,158066377,2021-03-09 02:25:37
1369112108063989763,me when i check the bitcoin price,2593497397,2021-03-09 02:25:38
1369112111977267207,love you mean it ♥️✨ bitcoin httpstcotlrakcz,161133347,2021-03-09 02:25:39
