1369352140758671367,btc aggregated inflows to binance be careful volatility due to increased trading volume view chart httpstcoclaiunm binance cryptocurrency bitcoin crypto,969280657032654848,2021-03-09 18:19:26
1369352156302737409,we cannot seize every opportunity if you encounter them please grab them without hesitation the new opportunity is to invest in the cryptocurrency ccg the current growth rate is very fast if you have not caught btc coins please grab ccg coins httpstcocuuioqbnk,1367936479456944130,2021-03-09 18:19:30
1369352156118192133,the first digital currency you can mine on your phone start earning cryptocurrency today with our free energylight mobile app your invitation code is znews click here to join httpstcovxkqrqew httpstconwsfkhcw,439332377,2021-03-09 18:19:30
1369352177907556354,felisartificus careless tech bro engineers may have come up with the cryptocurrency infrastructures and nft rfcs and such but the ones using them and making complete business plans around them are smart people who see the opportunity to run their business without any restrictions,964315233312497664,2021-03-09 18:19:35
1369352178402553867,you make money by borrowing money btc bitcoin crypto ieo xrp ethereum cryptocurrency blockchain httpstcotkzzmzbpy,1183409623690285062,2021-03-09 18:19:35
1369352183272120320,omkarba sign up and get your new user bonus chance to win crypto with regular airdrops and events logged into the worlds best crypto exchange httpstcojpqcwq bitcoin btc airdrop airdrops blockchain crypto cryptocurrency ethereum eth xrp,1320412372784324609,2021-03-09 18:19:36
1369352189748084741,current monero price xmr ‚Ç¨ ¬£ market capitalisation xmr xmr monero cryptocurrency httpstcoqzoxcbfeg,814096969178157056,2021-03-09 18:19:38
1369352209985544193,matic now polygon has broken out seems like a listing somewhere stay tuned i‚Äôll be retiring shortly btc cryptocurrency retirement,441656788,2021-03-09 18:19:42
1369352235616985090,the next time you see someone claim that circulating supply and market cap are meaningless in crypto just ask them this simple question what makes a cryptocurrency appreciate in price the answer is supplydemand or put more simply demand scarcity,76934637,2021-03-09 18:19:48
1369352242948694026,litecoinfam to make a request post any ticker such as btc or eth and well deliver realtime metrics but theres a whole lot more you can request learn more at httpstcovtfnyfma,1155998361956171777,2021-03-09 18:19:50
1369352246358597644,token float bank bank bank token now at only max supply btc eth tel etc vet qnt lina rsr cryptocurrency winning,1347691987680583680,2021-03-09 18:19:51
1369352255183405062,debunking blockchain and cryptocurrency myths httpstcojdsftdfj by sean sanders via bizit,559919694,2021-03-09 18:19:53
1369352261692887040,love u,402450543,2021-03-09 18:19:55
1369352287311790086,joseph tittels prophecy what if you want to invest cryptocurrency with numerology the following three name is xym the date is snap shot initial development group is bitcointalk xemxym if you like take a look at my header,1295302342116405249,2021-03-09 18:20:01
1369352294148542468,current bitcoin price usd gbp ¬£ euro ‚Ç¨ bitcoin btc btc btcusd btcgbp btceur crypto cryptocurrency,1349533110606716930,2021-03-09 18:20:02
1369352353187565569,interview questioning bitcoin narratives with eric wall bitcoin magazine this week on the bitcoin magazine podcast host christian keroles sat down with eric wall cio add your highlights httpstcorwyumgxke crypto blockchain,1313962955428429824,2021-03-09 18:20:16
1369352397445816328,cryptocurrency inflows falls to its lowest levels ‚Äì exclusive read more httpstcowpzlihwshx cryptocurrencies bitcoinnews investment invest altcoin markets business,934296569293213697,2021-03-09 18:20:27
1369352412901806088,nguyenm sign up and get your new user bonus chance to win crypto with regular airdrops and events logged into the worlds best crypto exchange httpstcojpqcwq bitcoin btc airdrop airdrops blockchain crypto cryptocurrency ethereum eth xrp,1320412372784324609,2021-03-09 18:20:31
1369352426227183630,eserv the ark cashtag represents the ark cryptocurrency and blockchain project i believe you are missing letters at the end like arkk or arkf,1198446818373144578,2021-03-09 18:20:34
1369352432376049679,thecryptolif ampnetio daoduck great launch thanks tcl for your research hardworking you are always picking up the bullrun blockchain bhb cryptocurrency thecryptolifestyle trendsetter,196851547,2021-03-09 18:20:35
1369352433198133253,hey guys please dont use other peoples content to mine cryptocurrency thank youu,1286898301745410048,2021-03-09 18:20:36
1369352447886581771,dougkass the ark cashtag represents the ark cryptocurrency and blockchain project i believe you are missing letters at the end like arkk or arkf,1198446818373144578,2021-03-09 18:20:39
1369352453141925888,cbt enableandconnect cbtcommunity cryptocurrency blockchain btc defi bounty this is a very promising projectthe team is excellentas for the idea itselfit is relevant in modern timesi admire its continuous development,1267678275779919873,2021-03-09 18:20:40
1369352464688967694,dougkass the ark cashtag represents the ark cryptocurrency and blockchain project i believe you are missing letters at the end like arkk or arkf,1198446818373144578,2021-03-09 18:20:43
1369352481973665804,peterschiffo slimjim wait a minute bitcoin come look at what i found isn‚Äôt this the guy that loves gold and silver cryptocurrency altcoin,1248717723615539201,2021-03-09 18:20:47
1369352483026436099,cryptocurrency is the reddit of currency,792169844686721024,2021-03-09 18:20:47
1369352497501007873,are u love shiba cryptocurrency cryptoart btc ethereum eth news cryptomarket uniswap shibarmy elonmask ada sushiswap bnb blockchain httpstcoxpdgmkn,1331709520536621065,2021-03-09 18:20:51
1369352498620862464,bitcoin to hit an all time high app developer magazine app developer mag the bitcoin price is likely to hit an alltime high of this week as the us house of rep add your highlights httpstcofsrjlckd crypto blockchain,1313962955428429824,2021-03-09 18:20:51
1369352501451972608,everything implemented live each and every day since early the code quality available for your assessment at all timeswizards üßôüßô‚Äç‚ôÇÔ∏èat your disposal almost ü§ó gridnet crypto blockchain defi fintech btc cryptocurrency security ico javascript bitcoin httpstconivugqayex,930203096688578560,2021-03-09 18:20:52
1369352507990962187,artists getting involved in cryptocurrency pyramid schemes is not how i thought would start but here we are,846073559688642560,2021-03-09 18:20:53
1369352533928448012,ballwin the ark cashtag represents the ark cryptocurrency and blockchain project i believe you are missing letters at the end like arkk or arkf,1198446818373144578,2021-03-09 18:21:00
1369352537820831750,stvulture itskindred nft is a planet killer all cryptocurrency bullshit is this is a case where heads are rightfully piked,117455542,2021-03-09 18:21:01
1369352546272284678,jaynotlame in addition to the fact that treating art like a commodity to be sold and speculated on is stupid and bad nfts are like all cryptocurrency bullshit absolutely disastrous for the environment,1018614181,2021-03-09 18:21:03
1369352555675877376,caizcoin launches its platform breaking barriers as a global cryptocurrency for all yahoo finance caizcoin launches its platform breaking barriers as a global cryptocurrency for all yahoo finance httpstcomcegkegy,1043975488429993984,2021-03-09 18:21:05
1369352560147132421,jnastybtc the ark cashtag represents the ark cryptocurrency and blockchain project i believe you are missing letters at the end like arkk or arkf,1198446818373144578,2021-03-09 18:21:06
1369352585530998787,binances giveaway httpstcoeckumquaa get involved binance cryptocurrency bnb btc bitcoin ethereum xlm xrp dogecoin ripple stellalumens chainlink hex sushi giveaway,1360346383954378753,2021-03-09 18:21:12
1369352592300666882,jaynotlame its a ponzi scheme invented by tech dudebros who want people to use cryptocurrency,1342503732920123394,2021-03-09 18:21:14
1369352597979676679,hi ive been using okex which makes it really easy and safe to buy sell and store cryptocurrency like bitcoin you will get when you deposit and trade crypto on okex httpstcozpadxcwhu,1365633828199489536,2021-03-09 18:21:15
1369352599514808330,though investing in crypto has the potential to radically change someone‚Äôs financial situation one hodler is saying their actions may have actually saved someone‚Äôs life in a reddit post under the rcryptocurrency subreddit today a ukbased httpstcoqbdxkwdku httpstcoqbhtdo,1365069282275700738,2021-03-09 18:21:15
1369352601947566085,copalcapital the ark cashtag represents the ark cryptocurrency and blockchain project i believe you are missing letters at the end like arkw or arkf,1198446818373144578,2021-03-09 18:21:16
1369352619437793282,jaedon it is said that cryptocurrency could potentially open a new line of services how awesome is that,1361709257343725570,2021-03-09 18:21:20
1369352636777041926,cbt enableandconnect cbtcommunity cryptocurrency blockchain btc defi bounty great project as a member of the community its our collective responsibility to belief and support the process so we can witness the progress and finally enjoy the success together,1267678275779919873,2021-03-09 18:21:24
1369352638127607810,vtho vtho volume slowly increasing crypto cryptocurrencies cryptocurrency altcoin altcoins binance httpstcoxaslbwann,1257523006584258560,2021-03-09 18:21:24
1369352642451898369,denizm sign up and get your new user bonus chance to win crypto with regular airdrops and events logged into the worlds best crypto exchange httpstcojpqcwq bitcoin btc airdrop airdrops blockchain crypto cryptocurrency ethereum eth xrp,1320412372784324609,2021-03-09 18:21:25
1369352644700090368,barackomaba redbaiting i own crypto thanks have owned since ive talked about crypto on national television ask yourself how valuable would your cryptocurrency be if no central exchanges existed and how valuable would it be if your property rights werent backed by state violence,29045729,2021-03-09 18:21:26
1369352650911854594,internationally acclaimed expressionist painter cardano mega supporter louie rochon announces ada payment crypto cryptocurrency cardano ada cryptonews httpstcogvoktt,1144271538545410048,2021-03-09 18:21:27
1369352657954091013,sponsored postdoja stocks btcit it is said that cryptocurrencies improved their value based on the scale of community involvement like the user demand scarcity to know more about this see this link httpstcovkkbxylsfa check disclaimer on profile landing page,1361704312598978565,2021-03-09 18:21:29
1369352660181266440,mymonyworksme cnbc the ark cashtag represents the ark cryptocurrency and blockchain project i believe you are missing letters at the end like arkk or arkf,1198446818373144578,2021-03-09 18:21:30
1369352681500925957,what do you think matic will do matic cryptocurrency crypto,1365636357528440835,2021-03-09 18:21:35
1369352686919946241,pirateoctopus this cryptocurrency is now trending,1361707668939841537,2021-03-09 18:21:36
1369352693349822464,npxs cutie,2270313631,2021-03-09 18:21:38
1369352697930018824,beeple‚Äôs early nft collectors are wealthy in cryptocurrency ‚Äì httpstcoaccyefrdh httpstcotjacntvsi,1291507924356014080,2021-03-09 18:21:39
1369352731471736833,gamers speculate big on megacryptopolis as mega token pumps httpstcogdowipgp bitcoin cryptocurrency fintech,874402553844334592,2021-03-09 18:21:47
1369352731589185536,privacy blockchain concordium raises m in token sale and completes mvp testnet httpstconuwjiypqs bitcoin cryptocurrency fintech,874402553844334592,2021-03-09 18:21:47
1369352731522068480,crosschain polkadot bridge darwinia collaborates with decentralized storage network crust httpstcolkgvgivg bitcoin cryptocurrency fintech,874402553844334592,2021-03-09 18:21:47
1369352731614347264,bitmain accused of illegally poaching engineers by officials in taiwan httpstcoswfioaixz bitcoin cryptocurrency fintech,874402553844334592,2021-03-09 18:21:47
1369352731627028488,bybit appoints new general counsel to lead global cryptocurrency compliance httpstcolsghwyds bitcoin cryptocurrency fintech,874402553844334592,2021-03-09 18:21:47
1369352731664609281,linkflow launches crypto prime brokerage service httpstcoziseqdeed bitcoin cryptocurrency fintech,874402553844334592,2021-03-09 18:21:47
1369352731702353920,cryptocurrency offers no escape from international sanctions httpstcoscaqtym bitcoin cryptocurrency fintech,874402553844334592,2021-03-09 18:21:47
1369352731673104387,partly cloudy how blockchain can become a force of nature httpstcorddcwri bitcoin cryptocurrency fintech,874402553844334592,2021-03-09 18:21:47
1369352731819839488,huobi and seychelles regulators can‚Äôt agree on where the exchange is registered httpstcozvyxkkad bitcoin cryptocurrency fintech,874402553844334592,2021-03-09 18:21:47
1369352731807260673,soros fund new york life morgan stanley among investors of million in bitcoin investment firm httpstcojlosmmjegt bitcoin cryptocurrency fintech,874402553844334592,2021-03-09 18:21:47
1369352731660587013,crypto derivatives exchange httpstcokzbpzkks adds request for quote rfq function via paradigm httpstcogymemyzls bitcoin cryptocurrency fintech,874402553844334592,2021-03-09 18:21:47
1369352731828219904,bitcoin price prediction btcusd gets ready for another uptrend price shoots near resistance httpstcovxtlkdbaj bitcoin cryptocurrency fintech,874402553844334592,2021-03-09 18:21:47
1369352739277467651,man jailed for cryptocurrency fraud in makurdi httpstcovsnviel,1418112536,2021-03-09 18:21:49
1369352750669078530,the us dollar or greenback it‚Äôs a relic of sorts bitcoin it‚Äôs the pound gorilla but in a cryptocurrency market made up of more than one coin cardano cccadausd is one to watch in and beyond ada httpstcoenqcypz,896014008,2021-03-09 18:21:51
1369352754993496067,rebootsan confidently these cryptocurrency companies could potentially provide services beyond satisfactory,1318220494500290562,2021-03-09 18:21:52
1369352760790032385,stantradingman what is your cryptocurrency of choice i‚Äôm trying to make a decision of which to purchase with best long term position,199110273,2021-03-09 18:21:54
1369352763138842628,mdiluz absolutely for one whataboutism doesnt help anything i also believe we should be critising the energy usage of other technologies including entertainment it all needs to be reduced plus these numbers fall get even worse if you consider bitcoin is only one cryptocurrency,59474346,2021-03-09 18:21:54
1369352763872862216,gbpusd pingpongs between hourly moving averages bitcoin btc cryptocurrency finance forex markets money read httpstcovmqagotgqm,950845652707155969,2021-03-09 18:21:54
1369352774178254852,disasterplant its a form of cryptocurrency similar to bit coin but it requires a massive amount of energy and resources to produce and keep running which makes it seem rather dangerous for the environment,749369458100019200,2021-03-09 18:21:57
1369352778959699970,ingeinvestor the ark cashtag represents the ark cryptocurrency and blockchain project i believe you are missing letters at the end like arkk or arkf,1198446818373144578,2021-03-09 18:21:58
1369352783267323907,internationally acclaimed expressionist painter cardano mega supporter louie rochon announces ada payment crypto cryptocurrency cardano ada cryptonews httpstcojsgozqx,1144271538545410048,2021-03-09 18:21:59
1369352790112403490,agrymoonpeaches jaynotlame i suggest avoiding it at all costs because cryptocurrency is a fucking scam lmao,1018614181,2021-03-09 18:22:01
1369352795825074177,lean back and trust in hotcoin hot holo hotcoin holochain hodl holofuel holoport ethlend btc cryptocurrency cryptotrading,1363537238450180097,2021-03-09 18:22:02
1369352834613993478,danknao the ark cashtag represents the ark cryptocurrency and blockchain project i believe you are missing letters at the end like arkk or arkf,1198446818373144578,2021-03-09 18:22:11
1369352835767361538,httpstcoaxeqan find professional freelancers for your needs trusted by k people worldwide over k tasks listed tasks from just k professionals countries lovingyourwork cryptocurrency,924552495757774849,2021-03-09 18:22:12
1369352840460787718,carusar has new post making highly undervalued atom our largest holding now on iconomicom httpstcocgzfrxrwg eth cryptocurrency cryptocurrencies ethereum httpstcosllfwgtpw,913718040730185728,2021-03-09 18:22:13
1369352872274563075,idavid sign up and get your new user bonus chance to win crypto with regular airdrops and events logged into the worlds best crypto exchange httpstcojpqcwq bitcoin btc airdrop airdrops blockchain crypto cryptocurrency ethereum eth xrp,1320412372784324609,2021-03-09 18:22:20
1369352874195574787,pirateoctopus these companies allow users to borrow cash using their cryptocurrency as collateral,1361736851602567168,2021-03-09 18:22:21
1369352883855122437,nice i hope im lucky,2515069676,2021-03-09 18:22:23
1369352895829843977,studies note that the annual carbon emissions from the electricity generated to mine and process the cryptocurrency equal the amount emitted by new zealand or argentina and the more popular it becomes the larger its carbon footprint grows httpstcojdubknwu,4159371021,2021-03-09 18:22:26
1369352906181242880,have you been in defi only to know your project isnt a completely decentralized cryptocurrency choose wisetoken fairest of them all and truely decentralized,1349362207558045696,2021-03-09 18:22:28
1369352920244879363,bnb if the h candle closes below then neckline confirmation will take place and it might go below level checkout the link in bio for crypto signals zil cryptocurrency ico ethereum bitcoin crypto httpstcoykphztnilo,1231870632809205760,2021-03-09 18:22:32
1369352941455433737,future of banks by cozy d cryptoart bitlattice blender blenderd artistbitlattice cozyhack cryptocurrency nft bitlattice imagine a bank with no humans involved in the decision process just bitlattice httpstcobckvjkada,3291281853,2021-03-09 18:22:37
1369352945955991559,earn free btc and multiply crypto up to monthly with betfuryio boxes enjoy the easy way to get cryptocurrency real rewards every min referral bonuses httpstcosccnokkzl betfurysuccess,1366816089947127811,2021-03-09 18:22:38
1369352949206487044,the first digital currency you can mine on your phone start earning cryptocurrency today with our free energylight mobile app your invitation code is znews click here to join httpstcouuokogwdtl httpstcosqppztt,439332377,2021-03-09 18:22:39
1369352953136623616,cryptocurrency is definitely a real and completely legal currency guys thats why people can easily launder money with it commit copyright infringement and ip theft using it and purchase definitelynotcompletelyillegalthings with it and not with other currencies,1357312695305920517,2021-03-09 18:22:40
1369352963966242824,ingeinvestor cathiedwood the ark cashtag represents the ark cryptocurrency and blockchain project i believe you are missing letters at the end like arkk or arkf,1198446818373144578,2021-03-09 18:22:42
1369352969464868865,sponsored post giants stocks trader these other companies are said to be the first to provide the most comprehensive aigenerated price forecasts and trade signals to retail investors learn more here httpstcoeksnbiike check disclaimer on profile and landing page httpstcojdttvfjs,1366755371650453504,2021-03-09 18:22:43
1369352978965147648,hvacr tech trouble shooting equipment and technical analysis in assets are identical bring my talents from bluecollar to crypto,401584423,2021-03-09 18:22:46
