1369353030869585923,another gold in the v nd snd umg tourny lets goo,1291460295211319298,2021-03-09 18:22:58
1369353033394622467,swiss s le mans k yellow gold diamond covered wristwatch httpstcoqwoxkfxvly ecochic vogueteam vintage etsy,29523749,2021-03-09 18:22:59
1369353036213129231,that woman only sees gold,2563229064,2021-03-09 18:22:59
1369353048473165829,a new supercycle is emerging heres how to play it will rhind httpstcoppbefoucg kitconews gold silver mining investing metals economics finance,138513820,2021-03-09 18:23:02
1369353054793986058,wait what didn‚Äôt notice that and i hope that we can buy the gold plated hot tubs as well for players who has it already thesimsmobile,1117040552145453057,2021-03-09 18:23:04
1369353056354197504,i needa stop being childish and learn cause all i know how to play is gold fish and war,374749551,2021-03-09 18:23:04
1369353057327321092,lawrencekingyo they dont want to hear it because they have their own issues a solution is worth its weight in gold and highly applicable,1346596459253260289,2021-03-09 18:23:04
1369353058560307200,durinsought to destroy mondstadt due to the corruption that was brought on by the alchemist goldkhaenri‚Äôah has never been the same since gold corrupted our land and durin he put his head in hands i fearmy fate will be the same as my masters other creation‚Äî,1361804328617406465,2021-03-09 18:23:05
1369353076071661573,harrythills champ going to win the gold cup,1359281603512516612,2021-03-09 18:23:09
1369353082090352640,lafc signs yearold forward cal jennings originally drafted by fc dallas in before being cut in preseason jennings was picked up by usl side memphis fc where he scored goals in appearances jennings is considered a natural goal scorer a mobile no striker,2348043236,2021-03-09 18:23:10
1369353085987024898,evilgenius the entertainer mostly i hardly have enough gold as im always building new things and funding new minions,241994541,2021-03-09 18:23:11
1369353086465085449,kassanova the gold looks so freaking good i love you we can‚Äôt wait to get it,1198774502001262592,2021-03-09 18:23:11
1369353087815651329,birthday stone ring simple diamond rings birthday gift for women baby gold ring birth stone for baby baby jewelry gold ring for baby httpstcoaehckfggn via etsy,1227630960512045056,2021-03-09 18:23:12
1369353089459789825,for the oscappreciation i would have to say yellowtinycat is the best her most viewed video has million views she deserves a lot more respect and deserves a gold play button next,1302500328802193408,2021-03-09 18:23:12
1369353090110009344,curryspcworld why cant you speak to anyone on the telephone its ridiculous just after a telephone number its like gold dust on your website frustrated,21763269,2021-03-09 18:23:12
1369353093247303686,gold,350357567,2021-03-09 18:23:13
1369353098230194180,ari gold is my favorite tv character of all time,1014492935595884544,2021-03-09 18:23:14
1369353101010997256,monkyonbike gold,1204899595958071302,2021-03-09 18:23:15
1369353102655188996,unbelievable,817770953019183104,2021-03-09 18:23:15
1369353106669047809,weight is low mode and is high post in mode you have blade core armour and driver while in you have all with disk b is gyro booster booster we also have price bey called dynamite perseus gold nx nexus vn venture about system its rummor httpstcoxuttxydapr,1264899241832570886,2021-03-09 18:23:16
1369353111626743812,polaqwym awfulfortnite me omw to marigold with my k gold httpstcosatfhgrm,1127654712269004800,2021-03-09 18:23:17
1369353113400995844,noweezyfbaby pretty i have gold as well,108154439,2021-03-09 18:23:18
1369353114852163593,gold xauusd done pips httpstcohdjbetxsc,1115325846485708802,2021-03-09 18:23:18
1369353117343625217,doperbydesign she tryna be mrs rose gold swag single mom or na bro,844909093,2021-03-09 18:23:19
1369353117951619073,alienghic darosenthal idothethinking that is why we can hear actual audio recordings of george schultz trying to explain to nixon why closing gold convertability and devaluing wages was necessary its unclear nixon understood he went public instead with an antisemitic myth about international money traders,18271050,2021-03-09 18:23:19
1369353118052450312,i remember when i was working in whsmith years ago and this man came in and said he didn‚Äôt have enough money for malboro gold so he wanted to ‚Äòexplore the different types of flavours‚Äô he got all excited like he was talking about buying sweets,1301926788659118082,2021-03-09 18:23:19
1369353120531283973,piersmorgan meghan markle is a gold digger of note who will be found to be a liar an attention seeker who will make two headed harry unhappy at the end of the day by which time for him it will be too latelady di had a mega following due to her not airing her washing in publicclassless,1262778920979640321,2021-03-09 18:23:19
1369353127212838921,so proud of lucytrump and tristate elite blue for taking home the gold in open at the jrvbassociation bluegrass tournament last weekend excited to see what else they can do this season ü•á httpstcotgvkzfs,1400614478,2021-03-09 18:23:21
1369353134896607232,i lost my gold earring so now i got on one ear and on the other,1106080807557296128,2021-03-09 18:23:23
1369353135572017160,marcratnerufc gold,992096988991754240,2021-03-09 18:23:23
1369353137920835591,then why did they kill her and hicks and newt in alien,794406712715448320,2021-03-09 18:23:24
1369353147387285505,when allison larry carlson of california gold kettle corn needed to pivot their business in the face of covid they made use of resources available through california capital fdc those same resources are available to help you adapt httpstcollpnmddl,1601387185,2021-03-09 18:23:26
1369353162742591488,williamdwheeler we were just coming off the gold standard and our modern fiat currency is still new we‚Äôre only now starting to learn what it‚Äôs truly capable of,1158144077793116161,2021-03-09 18:23:30
1369353167763243008,when nesara gesara is formally in place all the dark skullduggery will be stopped the revaluation of currency and gold will occur gcr disclosure first contact and the release of new technology will start in the near future,1298408932977778688,2021-03-09 18:23:31
1369353173442428934,wait but the initial teaser for learnway was comedic gold we should have known it was gonna pop off anyway yuqi did well for those of you who havent watch all the episodes go go go Ïö∞Í∏∞ yuqi Ïó¨ÏûêÏïÑÏù¥Îì§ gidle gidle Ïö∞Í∏∞ÏïºÏûòÌïòÍ≥†ÏûàÏñ¥ httpstcoscvgdvr,15153386,2021-03-09 18:23:32
1369353175858225152,buysellshort nmgrf noveau monde graphite will be the largest producer of graphite in the western hemisphere graphite is the new gold currently under in three years uplisting to nasdaq listen at the mark httpstcoehhgum,50463387,2021-03-09 18:23:33
1369353185803055111,¬£sale price ruby and diamond heart gold necklace ¬£ regular price httpstcoovhizsnp httpstcoivpsfxbmqp,1356634150636240897,2021-03-09 18:23:35
1369353196192346116,yorgunkemalist old but gold d,1358752194477109249,2021-03-09 18:23:37
1369353206648700934,love gold and silver action today but chances are this gap from tody gets filled action in miners makes me cautiously optimistic this breakout is for real want to see continuation this week,818887188,2021-03-09 18:23:40
1369353223237029888,trackmasterboco would trainz route builders ever do that no cause they suck and evil and pissed on my gold rail bill,4229893513,2021-03-09 18:23:44
1369353224445194245,i hope the next ice age movie has rod flanders fighting eeyore for han solos gold dice set thatd be pretty sweet,1016300138959179776,2021-03-09 18:23:44
1369353226710028296,groups are finalized be sure to tune in march rd at pm est sheetz,967538626354655239,2021-03-09 18:23:45
1369353228568133638,ianbitton muskt cwrid godiyxx melbabyx hatefredoo rizuc could put anyone in gold,1122594261827035136,2021-03-09 18:23:45
1369353229843259400,me walking to playground at am,1341587261914296320,2021-03-09 18:23:46
1369353233001418752,had moment of reckoning this morn went to go put on earrings madewell gold hoops only to realize i was already wearing the same earrings in a slightly smaller size sitting with this knowledge,2407546140,2021-03-09 18:23:46
1369353236361191429,trackang fmardng icpcpe seunonigbinde dawisu macfound gatesafrica osiwa arewacycle wutanadalla nassnigeria insidearewa oga check the goat very well they had gold plated teeth and each cost million each when you hear nigeria run hoooo,3011867231,2021-03-09 18:23:47
1369353240119291914,crystal dangle earrings made in america christie cottage httpstconeiiadkm via christiecottage cctag,86766771,2021-03-09 18:23:48
1369353243193708547,gold the price of gold is rebounding strongly today with a gain of or of the there reached its lowest level since june yesterday the low moved below the retracement of the move up from the march low at investingbrasil,1213172116285050880,2021-03-09 18:23:49
1369353248122019851,¬£sale price gold heart with diamonds necklace ¬£ regular price httpstcomxuxpyvbi united kingdom httpstcowtsalu,1356634150636240897,2021-03-09 18:23:50
1369353248256196617,hobypenhaligon quantum leap is my goto box set for tv gold,2196053491,2021-03-09 18:23:50
1369353250407919624,egavactip comedy gold mine right here im dyin ü§£,1020317953739444224,2021-03-09 18:23:50
1369353252056297472,tarajeshea it‚Äôs honestly scary if people continue to lose their common sense instead of holding on to it like gold we‚Äôll soon be living in a world with no sense at all,2595606126,2021-03-09 18:23:51
1369353254950297600,djarii corsair white and gold is so pog,951212489802506241,2021-03-09 18:23:51
1369353258138021894,pg pointsha no gold consumables or tokens a w in my book,745897207,2021-03-09 18:23:52
1369353258859368453,withoutstories i just got to the part where hua cheng has a private crisis trying to figure out who xl trusts the most and its such comedy gold,720669578586689536,2021-03-09 18:23:52
1369353259056574473,nopa gold star for mrs dowie,2872484696,2021-03-09 18:23:52
1369353264001671172,zophar simplegullfpl floyd is gold ehmore likeshine like a diamond,932121241,2021-03-09 18:23:54
1369353267118014469,finally it‚Äôs why are companies still testing on animals selling in china is only done to make money narscosmetics loreal maybelline rimmellondonuk maccosmetics revlon benefituk,102341615,2021-03-09 18:23:54
1369353269106053127,pdchinese a large amount of gold nuggets are buried underground in pyongyangnorth korea kim is building a large hospital recently because they feel the danger because gold melts when bombed he intend to use inpatients as the shield,1259347406325338112,2021-03-09 18:23:55
1369353274315390978,nba k legend edition gold online game code httpstcoulzyihav pc k nbak k games,777584195694583809,2021-03-09 18:23:56
1369353275829587973,heart made of gold but always seem to get fucked over,1032062924574150656,2021-03-09 18:23:56
1369353276878098433,nocontectgitcy comedy gold no but fr i dont give a crap about what avgn or gitcy says this games good even with its flaws,1301303275589959682,2021-03-09 18:23:57
1369353276429393935,tried luck w gold moons but hey httpstcoczghovvuo,1069709314691121157,2021-03-09 18:23:57
1369353277020770307,structural deficit demand rampup the lithium decade is here httpstcoxdyjptpq lithium gbml rezzf gbmlofficial gld commodities gold silver lit spy qqq djia dia stockmarket investing finance stocks aapl tsla amzn intc nflx amd nio gme economy,1664138053,2021-03-09 18:23:57
1369353279306620928,golden retriever service dog learns to wear ppe so he can work in the lab with his owner httpstcoojckdog,42534498,2021-03-09 18:23:57
1369353282397888515,this is gold,104735781,2021-03-09 18:23:58
1369353289893113860,kylegriffin gop support the police also gop unless they get in the way of your insurrection httpstcocnpctpp httpstcolbalnhuqr,14167388,2021-03-09 18:24:00
1369353293550456834,when i was a kid i loved powerpuff girls i had a pet gold fish called bubbles every now and then bubbles would for a holiday on top of the cupboard it wasn‚Äôt on holiday it just kept dying and my mum ended up replacing bubbles like times before telling me it was dead,1645774897,2021-03-09 18:24:01
1369353303390384129,old but gold colonial bedroom conversion by thejim tscc httpstcomnedgocnxe httpstcotgxdhcejs,60013331,2021-03-09 18:24:03
1369353305156165635,alexand nicholsuprising value must be able to be held somewhere gold has always been shiny thankfully in this era of digitisation we now have crypto,445805240,2021-03-09 18:24:03
1369353306485661697,halo morganite stone diamond ring k solid rose gold g sz el httpstcoohryggrdp ebay httpstcoilbvjfceam,1365442403084107777,2021-03-09 18:24:04
1369353307643330570,bradyharan polishing that gold piano i imagine,214942209,2021-03-09 18:24:04
1369353311028150273,just played the antlers just one sec green to gold,211061681,2021-03-09 18:24:05
1369353314098442243,earned psn trophies gold silver and bronze in assassins creed odyssey httpstcogwkuqufvn,322280172,2021-03-09 18:24:06
1369353325213331458,after the success of the midaro print release last week i‚Äôm delighted to announce the st of charity auctions i‚Äôll be doing with westcontempeditions ‚Äòheart of glass‚Äô is a unique handfinished screenprint with gold mask tags httpstcoecarwx,73487424,2021-03-09 18:24:08
1369353327327199240,them you have a heart of gold me nah if that were true i would‚Äôve sold that shit a long time ago gold lol joke humor funny heartofgold,1362599618513567744,2021-03-09 18:24:09
1369353330544308229,the meltdowns on gold derby right now lol people bitch when actors sweep and they bitch when the races are chaotic,707584603519733760,2021-03-09 18:24:10
1369353331668357121,gold queen archessnowy httpstcodbzhwr,928680964280213505,2021-03-09 18:24:10
1369353335183085568,doctor said i can start having sex now so feel free to send in your applications if your name is psj youre automatically at the top of the list gold star actually,139204682,2021-03-09 18:24:11
1369353338635104261,great job republicans,843433646962999296,2021-03-09 18:24:11
1369353343492100096,this thread is gold ‚ú® kyunutthedilchhodaaye,1239174921642803200,2021-03-09 18:24:13
1369353345492738059,baepsayed oh no i get what you mean his soundcloud releases are goldü•∫,784341659655872512,2021-03-09 18:24:13
1369353348969758720,antianything decent good caucus,1212218293328609280,2021-03-09 18:24:14
1369353351889031173,gold daily bullish engulfing on major support bottom is in httpstcoisatauhog,2239606232,2021-03-09 18:24:15
1369353353378009091,a long time ago there were seven dwarves who had a gold necklace,3567018253,2021-03-09 18:24:15
1369353354325950464,wolfeyetrader nmgrf noveau monde graphite will be the largest producer of graphite in the western hemisphere graphite is the new gold currently under in three years uplisting to nasdaq listen at the mark httpstcoehhyvym,50463387,2021-03-09 18:24:15
1369353354560802830,zayn spilled liquid gold,1343184021321236480,2021-03-09 18:24:15
1369353364010582025,cfczed allthingschels nepenthez lol stop it if people have the coins they are going for puskas over gold mbappe,1305631700966354944,2021-03-09 18:24:17
1369353367760277512,this looks like a jumbled mess but there are some gold nuggets of sage advice to be found cipmemories womensrestroomwisdom fleetinghumancontact justtofloat dowhatmakesyoufeelgoodbutstopwritingonthewallsplease httpstcodfwtbyd,1301005123871633408,2021-03-09 18:24:18
1369353371963039749,hahaha the club owners part is absolute gold,1695431023,2021-03-09 18:24:19
1369353382243143681,peterbukowski holy hell get that man in green and gold,4780888140,2021-03-09 18:24:22
1369353383656628224,aunderwood thelocalssg jackblake with the blue and green pumas salzizzo with so really bright nike‚Äôs austinguerrero with the black and gold adidas,135591099,2021-03-09 18:24:22
1369353403130781696,msmpirate youd think theyd say something about it in the email given that gold always guaranteed opening day maybe they had to change it on the site so people didnt expect opening day if trying to buy a package now ive had my seats since hoping thats enough tenure,44084270,2021-03-09 18:24:27
1369353407736262657,bangalore refinery k lord ganesh gm yellow gold coin httpstcouiguwhda,1209746201492348928,2021-03-09 18:24:28
1369353408407363586,i‚Äôm really looking forward to participating in hamid dabashi‚Äôs launch of his new book on edwardsaid pococentre goldsmithspolit with eskandarsadeghi and jeannemorefiel,1162798397272858625,2021-03-09 18:24:28
1369353410143809543,pdchinese these gold nuggets are used to support the decline chinese yuan during a sudden china north korea is large reserve vault of peoples republic of china,1259347406325338112,2021-03-09 18:24:28
1369353411884384260,another article to read if you still think gold has the upper hand hint it does not httpstcokkymedxqrn,1308482490122809350,2021-03-09 18:24:29
1369353415189495816,racksterli help with my cash out since march nd samolufemi with gold scheme httpstcodykffe,1143351138,2021-03-09 18:24:30
1369353419920715780,abbeighx rouge vif champion chase fiddlerontheroof brown advisory abracadabras champion hurdle santini gold cup all each way and if ground stays as it is and sant has blinkers on,2687411458,2021-03-09 18:24:31
1369353421627650048,pierrerochard i agree calling it digital gold does act as a good lubricant for the unaffiliated however,2822569148,2021-03-09 18:24:31
1369353425494937601,omg not the baristas knowing km smacked i thought i was doing so well,115426626,2021-03-09 18:24:32
1369353426077880320,i have been saying this for long years the freedom caucus is the problem the freedom caucus was formed in the freedom caucus members are all the people trying to destroy democracy they are the anarchists and racists of the republican party,1362865444697366528,2021-03-09 18:24:32
1369353425771708419,werbung the innerball from this loveplug do rotate by every step and the pendants are changed httpstcoccpdcvkex httpstcomgmicruore,1185997697809047558,2021-03-09 18:24:32
1369353430377062402,yourberrygf the gland will shine like gold,271084958,2021-03-09 18:24:33
1369353434168762372,msambiguous you choosing violence id just like to throw in ive always wondered whats up with the big gold gates with the red roses and green leaves,41405384,2021-03-09 18:24:34
1369353434785316867,lgatt one of my greens should be gold,3880760903,2021-03-09 18:24:34
1369353435611598851,manongngr yellow rose lavender gold pink,2849551582,2021-03-09 18:24:35
1369353436500660224,class that stream yesterday was utter gold so much fun,1029274515031773185,2021-03-09 18:24:35
1369353436672712712,darcybrigodon piersmorgan oprah meghan markle is a gold digger of note who will be found to be a liar an attention seeker who will make two headed harry unhappy at the end of the day by which time for him it will be too latelady di had a mega following due to her not airing her washing in publicactress,1262778920979640321,2021-03-09 18:24:35
1369353441101897731,what a monumental bellend piersmorgan is,2250282447,2021-03-09 18:24:36
