1369356437965709327,i knew this would eventually happen,2991320265,2021-03-09 18:36:30
1369357058294878209,portiias this video yhoo ü§£ü§£ü§£ü§£,1243626773482536967,2021-03-09 18:38:58
1369357205938536450,mercuse genu with whos money yhoo httpstcocgpigpi,3364749971,2021-03-09 18:39:33
1369357316076670977,kyle lowry is fed up about the rampant trade speculation surrounding him more httpstcoafqitexm wethenorth nbatwitter frankdangelo httpstcoytkpdcbbeq,312091763,2021-03-09 18:40:00
1369357714753785863,yahoooooooooo is right,873865093536030720,2021-03-09 18:41:35
1369357899303165958,yahoonews natashabertrand ‚Äú‚Ä¶except we‚Äôre popping the champagne to be rid of this pustule,345464332,2021-03-09 18:42:19
1369357927279194112,lol white male fragility,247986987,2021-03-09 18:42:25
1369357971843518464,when will davidbrooks decide it‚Äôs time to leave newshour judywoodruff yo pbs,724327951370579968,2021-03-09 18:42:36
1369358205453795331,me reading this headline after watching video of him storm of set this morning httpstcoyqhwjtmr,910941032,2021-03-09 18:43:32
1369358268313731073,don‚Äôt let the door hit you on your way out jackass godsavethequeen,46831734,2021-03-09 18:43:47
1369358279554576390,trader buys million of copper and gets painted rocks instead httpstcopljvukpud,17464780,2021-03-09 18:43:49
1369358316485320704,good riddance,808744291719790592,2021-03-09 18:43:58
1369358327751340039,now he can devote himself full time to his meghan obsession,404450625,2021-03-09 18:44:01
1369358391647367175,his punk british ass,756903193901162496,2021-03-09 18:44:16
1369358410139983885,yhoo khloe nono,68135259,2021-03-09 18:44:21
1369358459389493259,absolute joke,1215369843291099136,2021-03-09 18:44:32
1369358468017225730,savannacider yhoo come to think of it i have years drinking savannaloyalty yazi,83095786,2021-03-09 18:44:34
1369358530222960645,us lawmakers introduce bill to clarify crypto regulations httpstcomyrkyyj,17464780,2021-03-09 18:44:49
1369358551605448711,same,31006033,2021-03-09 18:44:54
1369358601853210624,gasoline prices have hit their highest level in almost two years and they appear to be headed up again httpstcopjjqmahyph httpstcowdzwstkwnk,7309052,2021-03-09 18:45:06
1369358636615495681,that moment as a manager when the employee you were about to start managing out that you knew was gonna react real poorly to feedbackjust up and quits httpstcosqvsglqwy,219052131,2021-03-09 18:45:15
1369358692966141952,bye bitch,198416373,2021-03-09 18:45:28
1369358921597607942,screw piers morgan this cannot be said enough screw piers morgan,293047544,2021-03-09 18:46:23
1369358936642641920,simone biles‚Äôs abs steal the spotlight in makeupfree selfie ‚Äòit‚Äôs the pack for me‚Äô httpstcoidwctg httpstcoqilkagqmj,21320186,2021-03-09 18:46:26
1369358943743533063,donaldjputin fakaktasouth rddedhd he wont be missed by them or anyone else supreme douchebag httpstcocryczsr,1600737972,2021-03-09 18:46:28
1369358953256280064,you get what you vote for,122460924,2021-03-09 18:46:30
1369359008692330514,scott kirby to present at jp morgan conference on monday httpstcoglxzywy httpstcohqpcounrf,927008762,2021-03-09 18:46:43
1369359077780946950,dss primes the asset tokenization market by creating a jv to create a digital securities exchange brandprotection digitalsecurity httpstcozaymotatk httpstcothmusvot,201537863,2021-03-09 18:47:00
1369359196903387138,yhoo,1294336463186939904,2021-03-09 18:47:28
1369359268709797897,tough day for parajournalist twits in the uk httpstcoauzbqyrc,895708849897840640,2021-03-09 18:47:45
1369359628547547143,gtfout,880874908003258369,2021-03-09 18:49:11
1369359671295844354,smart move itv piersmorgan is a giant wanker,1939889377,2021-03-09 18:49:21
1369359672763949060,congratulations to cubefpa for raising its series a their fpa platform is changing the game for cfos everywhere look out world ‚Äì were pretty sure theres nothing cfochristina cant do httpstcoizczjyyr,1119324560065613824,2021-03-09 18:49:22
1369359734004912134,they have a base of upper middle class white folks who didnt lose their jobs during the pandemic were going to need a strategy to divide and conquer the gop,60833117,2021-03-09 18:49:36
1369359808646774791,isibayamzansi yhoo guys mina um mutsonga pls assist what does inkomo idla ibuns mean lilian is on fire,1221090072684126208,2021-03-09 18:49:54
1369359830658527232,think i‚Äôm gonna start watching gmb from now on tbh,1304920618043834368,2021-03-09 18:49:59
1369359890418970633,coronavirus update pfizerbiontech vaccine effective against brazil variant experts weigh in on cdc rules for vaccinated people httpstcovwopwciah by anjkhem httpstcoliuylol,19546277,2021-03-09 18:50:14
1369359959037730820,years after fukushima nuclear energy sees tailwind from climate change httpstcojifrogyau by akikofujita httpstcobtwupdzjup,19546277,2021-03-09 18:50:30
1369360084686561282,uk deposit mortgage scheme could push house prices up httpstcojhainhhei,2208835028,2021-03-09 18:51:00
1369360263863017475,there are many reasons why the czechrepublic has one of the world‚Äôs worst covid infection rates chief among them the government‚Äôs complete failure to speak with a unified voice my thoughts on the topic in a new afp piece httpstcoyvlvvpnko semanticvisions,1968131672,2021-03-09 18:51:43
1369360306909110279,msfiifi yhoo esiphi iscripture,1299261774768869376,2021-03-09 18:51:53
1369360445736443904,wouldnt at all be surprised to see him pop up on former guy tv,388632263,2021-03-09 18:52:26
1369361188396670979,sundaytimesza yhoo hai i give up,58738350,2021-03-09 18:55:23
1369361232298442754,norton juster author of the phantom tollbooth dies at httpstcoxczzvihpd httpstcohdmalp,17852343,2021-03-09 18:55:33
1369361544140775426,vincienonce i honestly just keep quiet when i see this so they love their faves and elites dont yhoo,1323611272957579264,2021-03-09 18:56:48
1369361721740103681,piers morgan leaving good morning britain after storming off set httpstcopoowdnopo httpstcohlfodwbeaa,17852343,2021-03-09 18:57:30
1369361724185452545,tabiletatana yhoo this is painful to read hope they find help,971907490081320961,2021-03-09 18:57:31
1369361860202553345,i couldn‚Äôt be more optimistic about onfidos product and mission this is an incredibly exciting time for the business,169111201,2021-03-09 18:58:03
1369361919459594243,yasss noramayc so inspiring and i love that you build while pulling others up supplychangecap latinasinvc venturecapital jefamoves,18438690,2021-03-09 18:58:17
1369361979270397955,as the czech republic struggles to cope with the worlds highest coronavirus infection rate a tidal wave of disinformation and a bungled government response are hampering vaccination efforts,2838380470,2021-03-09 18:58:32
1369362137903202317,vacationbaecation friendcation or by myselfcation yhoo i need something,1156609079244218368,2021-03-09 18:59:09
1369362217091661831,it‚Äôs a story of our times it‚Äôs the tragicomic saga of unhinged paranoids leading shameless mercenaries in the service of an authoritarian narcissist disinformation democracy media httpstcongkdvmyej,21708948,2021-03-09 18:59:28
1369362291343437825,yhoo httpstcoxxxijju,4579061734,2021-03-09 18:59:46
1369362381130919945,woman accused of spitting on asian american man in silicon valley charged with hate crime httpstcomarvuqibb httpstcojojlodcyee,7309052,2021-03-09 19:00:07
1369362385182617600,tucked into the relief bill is a provision that will not only temporarily lower the cost of health insurance but also potentially expand coverage to more than million americans httpstcofbtojftnwa getcovered acamarketplace enrollher httpstcojvocvawzdq,27716826,2021-03-09 19:00:08
1369362471941791753,sphiwekganye yhoo i cant wait to share this news,886481121990635520,2021-03-09 19:00:29
1369362600966971393,experts are predicting gas prices to rise across the nation this is before the coleg adds fees on gasoline purchases and deliveries coloradans cannot afford to pay more at the pump gastax copolitics httpstcondgrfdsxm,15455893,2021-03-09 19:01:00
1369362641483874310,yhoo bro,1001370238489976832,2021-03-09 19:01:09
1369362841287942152,in the words of monique ‚Äúwhen you do clownery the clown comes back to bite‚Äù,224536119,2021-03-09 19:01:57
1369362876251725831,if you cant stand the heatget out of the kitchen,155354840,2021-03-09 19:02:05
1369362938088325122,sphiwekganye yhoo‚ù§Ô∏è‚ù§Ô∏è,886481121990635520,2021-03-09 19:02:20
1369363109341716490,yeah she looks sane,202035385,2021-03-09 19:03:01
1369363129944137728,novn coming out with the only vaccinesb in the form of a gel for molluscum soon,1295960108304699392,2021-03-09 19:03:06
1369363192909099013,texas tech has already offered patrick mahomes and brittany matthews dayold daughter a soccer scholarship ‚û°Ô∏è httpstcomobbfwjeyd httpstcovpidsmp,821867190,2021-03-09 19:03:21
1369363426439532549,texas tech has already offered patrick mahomes and brittany matthews dayold daughter a national letter of intent for a soccer scholarship ‚û°Ô∏è httpstcomobbfwjeyd httpstcogrqgpcgk,821867190,2021-03-09 19:04:17
1369363872759549960,wow this is some mugshot,489177512,2021-03-09 19:06:03
1369363933832810499,we are honored to receive two prestigious product design awards from good design and the international design awards for dten me the awards recognize dten me for groundbreaking innovation and outstanding design quality read more here httpstcoqvvzmbrqt gooddesign ida,2869220249,2021-03-09 19:06:18
1369363994037911559,doofstar yhoo,441567465,2021-03-09 19:06:32
1369364205640507394,so my gf forgot her phone at my place on sunday morning and i decided to give her my phone to use today a friend asked me wheres my new phone i explain that it wasnt mine and that i had to exchange it back to my gf him yhoo nka swa kotoko nka tlhokfala me ü§£ü§£ü§£ü§£ httpstcotqyawbds,2376360069,2021-03-09 19:07:22
1369364514836250632,physical gold never held to make or getrich it‚Äôs insurance that cannot be hackedfreezed com era made buying sunw ibm csco yhoo goog crypto era make buy dogecoin catcoin mousecoin can u sleep like rip van winkle longterm holding which one btc‚â†m replyhonestlyü§ë,1325895746059530241,2021-03-09 19:08:36
1369364960833372160,at one point in my life i wanted to be mia hamm growing up this is much deserved,114404728,2021-03-09 19:10:22
1369365250324238341,i literally felt like i was the only brown woman with ms how this woman found a community after her surprising diagnosis httpstcouzeguzqqh httpstcojkmmrsxxr,21320186,2021-03-09 19:11:31
1369365548128174093,corinthians vs ‚Äç‚ôÄÔ∏è yhoo haa,868542764832739329,2021-03-09 19:12:42
1369365960638005251,that face you make when you wanna catch these hands,179061204,2021-03-09 19:14:21
1369365963490091018,biginduna yhoo,85833298,2021-03-09 19:14:21
1369366153236254724,jimmy carter declared his opposition to a slate of restrictive voting proposals moving through his native georgia‚Äôs general assembly saying he is ‚Äúdisheartened saddened and angry‚Äù over moves to ‚Äúturn back the clock‚Äù on ballot access after recent dem wins httpstcosbnovtfx,7309052,2021-03-09 19:15:07
1369366376809439236,sinelungelo thembisileq michaelbucwa yhoo that sound insult yiyeke mntase,1268825917557792769,2021-03-09 19:16:00
1369366380701757444,yhoo hayi i cant take jokes about me cheating from my partner ndive ndibe naar,933394422171136006,2021-03-09 19:16:01
1369366545084932098,thatblessing yhoo she went iin shame,2853572715,2021-03-09 19:16:40
1369366767836016645,i knew it highs wno mask at superspreader events overriding city officials exec orders i remember when he was mia not responding i said then he had it would never give us the satisfaction of knowing after the way he denied its existence httpstcoaedtq,750369360204615680,2021-03-09 19:17:33
1369366891630886915,good,349029558,2021-03-09 19:18:03
1369366897876217867,because this is a capitalist white supremacists country,752345123137134592,2021-03-09 19:18:04
1369367003031629827,thanks yahoofinance yahoonews for conversing with vishen the founder of mindvalley about the growth of the mindfulness industry httpstcoitgeuxlao client mindfulness covid beextraordinary,143078301,2021-03-09 19:18:29
1369367023097118723,‚Äúnothing further to add‚Äù is british for ‚Äúhe can fuck completely off‚Äù,15726863,2021-03-09 19:18:34
1369367310834733060,yhoo this weather is personally shame mara umuntu akanamuntu,769604407210147840,2021-03-09 19:19:43
1369367373480886282,chuma ewe yhoo and a note,484907503,2021-03-09 19:19:58
1369367405537943552,i believe that there are other methods to do this like really ‚Äòstubbing‚Äô people plastictubesneedles productions oh wait we had a problems with needles reuses disinfectionwaste,338134556,2021-03-09 19:20:05
1369367502514515969,mommytriplet yhoo virtual hug,781119950249418752,2021-03-09 19:20:28
1369367536752594947,disney tops million subscribers as company eyes california theme park reopening next month httpstcompzmwe by emilymcck httpstcodrtpivy,19546277,2021-03-09 19:20:37
1369367696937279490,mithisamotho yhoo the whole minister n father n a husband yheer women tolerate kak,780848420831399936,2021-03-09 19:21:15
1369367839610638342,disney is aiming to reopen the california theme parks by the end of april and looks forward to publicizing an opening date in the coming weeks via yahoofinance httpstcoiwkvnhpz,83894645,2021-03-09 19:21:49
1369368110399098891,yhoo i hate these but the relief after,1016298244312305665,2021-03-09 19:22:53
1369368145006301190,army veteran and friend of team rwb chandler smith is inspiring diversity in crossfit audiences and future competitors httpstcowscutwmyr,142513141,2021-03-09 19:23:02
1369368159912931331,tsatsiwamopedi yhoo we‚Äôre tired,4101916877,2021-03-09 19:23:05
1369368287285567496,buh bye morgan take a walk on a short piers,486361268,2021-03-09 19:23:35
1369368344592330759,iviwejacobs yhooü•∫ü•∫‚ù§Ô∏è‚ù§Ô∏è,886481121990635520,2021-03-09 19:23:49
1369368868846792705,wow yhoo ü§î,1298765197470044168,2021-03-09 19:25:54
1369369011033677824,same yhoo,769604407210147840,2021-03-09 19:26:28
1369369380195303431,glendamm that love is so flippin nice and exciting guys things we do for love yhoo i love it,553027299,2021-03-09 19:27:56
1369369920069308420,piers morgan to leave good morning britain after complaints over meghan remarks httpstcoddlrgsh httpstcoopnpbfydrs,7309052,2021-03-09 19:30:05
1369370469254766592,uks heathrow airport raises million ahead of international travel reopen yahoo finance uk httpstcohdezr uk travel,2158368878,2021-03-09 19:32:16
1369370470466871296,noxolosigula serame matyaleni yhoo ah ah,1032752656815726593,2021-03-09 19:32:16
1369371009711804418,ubukhosi haa yho and im drunk yhoo,1299261774768869376,2021-03-09 19:34:25
1369371846408364032,well bye,764224344,2021-03-09 19:37:44
1369372418398109707,uncletshephi yhoo hai cut cut ke nale stressü§£ü§£ü§£,861523737778245633,2021-03-09 19:40:00
1369372514133106694,worrying data about tropical rainforests as more rainforest is destroyed there is more potential for climate change which in turn makes it more difficult for remaining forests to survive climatechange climatecrisis rainforest,341714417,2021-03-09 19:40:23
1369372687588540424,lmfao her power is growing,74123082,2021-03-09 19:41:05
1369372887602331649,lmaikhoso kidodimples yhoo he wasnt but he was too forward for his own good,1269216915391688707,2021-03-09 19:41:52
1369373463157301253,get it chandler,278721219,2021-03-09 19:44:10
1369373673036079107,thaps lmao yhoo aiike,384335824,2021-03-09 19:45:00
1369373685178658824,when to expect payments other benefits from relief package httpstcolnqbivcqu httpstcozxzebkfrx,7309052,2021-03-09 19:45:02
1369374121952428033,lindazakheswa yhoo haa after the series i watched the oprah interview,1369019389,2021-03-09 19:46:47
1369374167720734729,goodbye,21277644,2021-03-09 19:46:57
1369374176767860736,disneyland expected to reopen in late april says ceo bob chapek httpstcoclznsyqocy httpstcozwjwhtuvdk,17852343,2021-03-09 19:47:00
1369374504015790082,woneleyam suhleka yhoo they have no regard of a release plan all they care about is creating and sharing its a struggle you always have to explain why these systems are important but still dont find it important,3063654715,2021-03-09 19:48:18
1369374837303545863,starmaluleke yhoo,927861405604372482,2021-03-09 19:49:37
1369374945239826441,pga tour cancels canadian open due to covid challenges yahoo sports pga tour cancels canadian open due to covid challenges yahoo sports httpstcorlpameah httpstcorzorrzvlw,707750480,2021-03-09 19:50:03
1369375187100110849,sammagingxa yhoo sana she‚Äôs sick of him ü§£ü§£,289265425,2021-03-09 19:51:01
1369375282587709440,white supremacy is sick,25894917,2021-03-09 19:51:23
1369375477635428365,yhoo yehake mrssosbourne,1139854344793284613,2021-03-09 19:52:10
1369376057653092356,zukilamani yhoo ha ah waze wandenza intloko why invoke,394215776,2021-03-09 19:54:28
1369376520351977475,well damn,15665783,2021-03-09 19:56:18
1369376672349294593,yhoo south african men are always fighting for money they dont have they tweet about pre nups ingathi they have estates to protect,735151285,2021-03-09 19:56:55
1369376823944093700,piers cancelled himself cancelculture,47631787,2021-03-09 19:57:31
1369377289046220802,yho they call women gold diggers kodwa they share i pack ye castle lite eshisanyama every weekend,735151285,2021-03-09 19:59:22
1369377336169279493,itunadia yhoo i see men only ü§£ü§£ü§£,836998378592616449,2021-03-09 19:59:33
1369377364958928906,favourismyname the mother is encouraging it yhoo,967762940899348482,2021-03-09 19:59:40
1369377420843884545,this is cute but yhoo give me mam,1311612739186458625,2021-03-09 19:59:53
1369377434638950402,cant it be next week already ü§£ dabula uzak dubula yhoo umndeni,1229725391260176389,2021-03-09 19:59:56
1369377456105263104,the idea of a federaljobguarantee has a long history in politics including president roosevelt whose newdeal programs put thousands to work after the great depression with current record unemployment now seems like a good time to revive it httpstcogrjylnqmi,16913895,2021-03-09 20:00:01
1369377606265692162,stimulus checks could power us economy to nearly gdp growth economist httpstcolcaegyd by briansozzi httpstcolstnk,19546277,2021-03-09 20:00:37
1369377615979700224,authorities arrest oath keeper seen with trump adviser roger stone on morning of insurrection httpstcopjcmlkaet httpstcojmwqbxrb,7309052,2021-03-09 20:00:40
1369377858880221188,thembis yhoo hle,36030802,2021-03-09 20:01:38
1369378032058826761,yhoo,2874110939,2021-03-09 20:02:19
1369378985583513610,leokay yhoo,189109917,2021-03-09 20:06:06
1369379844820205570,disney world theme parks are fully booked for spring break dates httpstcotkjyiuiu httpstcoezirtexucb,17852343,2021-03-09 20:09:31
1369380372396597249,injuries havent helped but evgeny kuznetsov continues to struggle on the ice fantasy hockey risers and fallers from airjan ‚û°Ô∏è httpstcofcnblheimi httpstcothmmlpm,59578815,2021-03-09 20:11:37
1369380641079431180,yhoo thats my favor that one ü§£ü§£ü§£,1233005242515677185,2021-03-09 20:12:41
1369380916645277698,bomy yhoo im in hell,529376018,2021-03-09 20:13:47
1369381259990941704,biden joining summit with key asiapacific quad leaders httpstcoktpemmef httpstcoitnuffjtl,7309052,2021-03-09 20:15:08
1369381767841517578,praisesmix yhoo hayi and i am sure the guy just went n this stupid night who thinks he is brave and smart requested to join or might be wrong but ke ayingombono omhle maan that video,3236383671,2021-03-09 20:17:09
1369381823466340359,i see two masks,838826934893166594,2021-03-09 20:17:23
1369381846958673924,damn,109794312,2021-03-09 20:17:28
1369382081055318016,yhoo kaige is annoying loveislandsa,828293569983152129,2021-03-09 20:18:24
1369382141956677635,bathong this oscar guy is making me angry the girl said no and he says it was a joke yhoo checkpoint,242428202,2021-03-09 20:18:39
1369382826047639553,shakesrampedi yhoo now the must score,3065161695,2021-03-09 20:21:22
1369382843688878084,yhoo wehh,1368094463785046017,2021-03-09 20:21:26
1369383618867560455,lemiiloco yhoo ha a,1226863957429932032,2021-03-09 20:24:31
1369383991858593798,theres a dramatic week ahead on emmerdale spoilers httpstcoyztltketd,293451031,2021-03-09 20:26:00
1369384197501169675,vigilancebluz lah they are my favorite they slap yhoo,1168258207019651073,2021-03-09 20:26:49
1369384316216705026,biden joining summit with key asiapacific quad leaders httpstcovgicmczc,241983890,2021-03-09 20:27:17
1369384522165411841,good riddance,17825495,2021-03-09 20:28:06
1369384903398334476,what if she stops for good yhoo but she spoke something about yt maybe if your favs give us a good content she go pull up httpstcoeqwgrhgar,959347555351089153,2021-03-09 20:29:37
1369384939700027397,me n you both yhoo is going to be lit httpstcoehcqawzn,1246941155243315201,2021-03-09 20:29:46
1369384998608965633,even with high unemployment there is plenty of work that needs to be done we can put people who need work together with jobs that need to be done only publicly funded jobs at massive scale are able to solve this big public problem feliciawongri httpstcopuhpyruso,742763040668536832,2021-03-09 20:30:00
1369385006628474884,bidens name will not appear on memo line on stimulus checks white house httpstcokwwsorlhc httpstcoecvldfd,7309052,2021-03-09 20:30:02
1369385029491638273,yhoo yhoo ive been listening to it all day masterpiece,2262485938,2021-03-09 20:30:07
1369385221800529921,akani bedaringlyu phestill smokezbeastly yhoo bra i have been hunting for over years httpstcolcwnygyy,1365695474519408640,2021-03-09 20:30:53
1369385616149000205,yhoo,864220309184028673,2021-03-09 20:32:27
1369385715738550279,and thats before bidens publiclands energy leasing ban begins to squeeze supply creating unnecessary scarcity and further jackingup prices at the pump thats when the hammer really comes down hard on motorists copolitics bidenremorse bidenadministration gop energy,74912769,2021-03-09 20:32:51
1369385748609261575,i don‚Äôt trust them httpstcoojalwjbns,3378892390,2021-03-09 20:32:59
1369385832084279299,hes a snowflake couldnt take small left footed tackle,910419210039447552,2021-03-09 20:33:18
1369385954025353228,lelwatimla nah my friend i tried but yhoo aa,1914880134,2021-03-09 20:33:48
1369386006462468096,yahoonews potus biden is too busy saving liveshelping hurting grieving families to think about ego tripping tactics httpstcontvbnuxgs speakerpelosi senschumer dnc leadermcconnell gop gopleader markmeadows stevenmnuchin cnn msnbc abc theblackcaucus vp facethenation,885844498500243459,2021-03-09 20:34:00
1369386384784564228,stevedaines if you have any reasonable bone in your body then you would resign in shame your irresponsible and reckless behavior as a united states senator helped encourage and contribute to this httpstcoqifwkyehqh,144923672,2021-03-09 20:35:30
1369386387699535873,yhoo it‚Äôs the last season yhoo now i must cry again,1392257527,2021-03-09 20:35:31
1369386439092342789,unlike the former guy who had to be front and center no matter what ü§™,3434763971,2021-03-09 20:35:43
1369386613621547008,yhoo ha a httpstcofpzozirvo,373776788,2021-03-09 20:36:25
1369386656927776772,the portraits of the two war criminals who are together responsible for millions of deaths in iraq alone are back up thanks biden,3293406121,2021-03-09 20:36:35
1369386799680937987,hillary clinton calls chrissy teigen a national treasure on social media httpstcokqudjhmf httpstconiostkdb,17852343,2021-03-09 20:37:09
1369387011803652100,covid virus and associated economic disruption will tighten the market for publishing materials in the humanities and social sciences httpstcobzabca,39579133,2021-03-09 20:38:00
1369387041134415878,this should tell you everything,1216632302412816386,2021-03-09 20:38:07
1369387060029718529,expert chides relaxing covid mandates i dont know why you cant wait just a little longer httpstcoorgfvmto by adrianambells httpstcodbfocjmg,19546277,2021-03-09 20:38:11
1369387386958983179,war criminals responsible for killing millions of innocent lives,1167492377126133760,2021-03-09 20:39:29
1369387486225567757,talk about unity of war criminals,1366452434571128837,2021-03-09 20:39:53
1369388354412904453,yhoo httpstcogqqtvzrtr,1363930379288272899,2021-03-09 20:43:20
1369388606163451908,yhoo,2641031512,2021-03-09 20:44:20
1369388796811374592,shout it from the rooftops trillion covid bill delivers stimulus and a political fight httpstcofzrqqgapo httpstcoprsgnsxwsn,7309052,2021-03-09 20:45:05
1369389255831793670,basketball conditioning training made me hate cardio for a very long time fitness test suicides in minutes back to back each suicide a minute long if you have seconds left over you can rest yhoo,2788834829,2021-03-09 20:46:55
1369390044264423430,yhoo this list,854623011718270976,2021-03-09 20:50:03
1369390097515286530,harry meghan fallout maintaining the royal family comes with a nearly m price tag httpstcoyukyrzkja by alliecanal httpstcoqgtirynkk,19546277,2021-03-09 20:50:15
1369390457738903555,this fucking moron,1309636572581638144,2021-03-09 20:51:41
1369391001434021893,wait trump removed them,892811277407596545,2021-03-09 20:53:51
1369391462434172931,sivuyilegotyana yhoo le awti,1144790558,2021-03-09 20:55:41
1369392234651660288,brutal stories emerge from tigray every day the opening paragraphs in this piece by rcoreyb are stomachchurning the world cannot look away httpstcoygmniywntg httpstcoonrnadlt,18753586,2021-03-09 20:58:45
1369392428315250692,tboozesa yhoo mara not diabetes hleem ü§£,491539720,2021-03-09 20:59:31
1369392543570464773,rasta is disrespectful guys on top of that disrespectful with pride yhoo,383261084,2021-03-09 20:59:59
1369392602936729603,steelcase allan smith global vp of workplace innovation joined yahoofinance live to discuss work from home trends and our latest wfh survey results httpstcoqrsnatypm httpstcovuvgbyo,159140346,2021-03-09 21:00:13
1369392603624570889,keiretsubacked wanderivy recently announced the release of its new collection of limitededition varietals read more about the company and its stellar here ‚Äìhttpstcopzwtjzync keiretsunorthwest keiretsuforum investormeetup networking investor angelinvestor,25106957,2021-03-09 21:00:13
1369392628161253388,fbi releases new video of suspect planting bombs before capitol riot httpstcoqrzzvfvvs httpstcowuqaonhh,7309052,2021-03-09 21:00:19
1369392840535576579,brutal stories emerge from tigray every day the opening paragraphs in this piece by rcoreyb are stomachchurning httpstcoygmniywntg httpstcoqpmboxab,18753586,2021-03-09 21:01:09
1369392920911085571,yhoo,2446918633,2021-03-09 21:01:29
1369393073088782347,from bachelorabc‚Äôs famed oncamera breakup of arie luyendyk jr and becca kufrin to demi burnett coming out to derek peth as bisexual on bachelor in paradise yahoonews asks for my thoughts on ‚Äòwhat is healthy‚Äô abc thebachelor relationships httpstcomchxgqpstd,357180164,2021-03-09 21:02:05
1369393321353879558,nasdaq jumps for best day since november as technology shares recover losses httpstcolsgjdkknix by emilymcck httpstcopgzdcwsvtb,19546277,2021-03-09 21:03:04
1369393558994698244,zeesings a big one yhoo,1276994924605517825,2021-03-09 21:04:01
1369394431246401541,yhoo amadoda,967442784042082305,2021-03-09 21:07:29
1369394572917407749,indeed it is,1015681835823755270,2021-03-09 21:08:02
1369394665577922562,masskilling rape forced displacement looting are daily happenstances in tigray by ethiopian army fascist amhara militia and eritrean army the world is watching tigraygenocide and doing nothing about it eritreaoutoftigray amharaoutoftigray,1025378896160669696,2021-03-09 21:08:25
1369394876832493572,jpmorgan to shutter chase pay at the end of march httpstcoibrxhqltc by ewolffmann httpstcovaurqvd,19546277,2021-03-09 21:09:15
1369395376122368001,as china officially rolls out its vaccine passport healthgovau tells yahoonewsau any similar scheme rolled out in australia will still involve quarantine read more httpstcogkpwketis httpstcoqdwjnnle,87037881,2021-03-09 21:11:14
1369395562005532676,prettympaks gogomoyospeaks yhoo,3368114045,2021-03-09 21:11:58
1369395595056676868,damn should‚Äôve voted for trump,1360778851773775874,2021-03-09 21:12:06
1369395837625843714,casspernyovest if i had casspernyovest on a feature la yhoo httpstcomhvgvehklh,2766612413,2021-03-09 21:13:04
1369395843716046852,hes wanking to them xx dave,1321866722354241538,2021-03-09 21:13:05
1369396045973688326,yhoo im so tired,1092867099909898240,2021-03-09 21:13:54
1369396054932783105,edumisaeddie genu lol parents married at young age she was unemployed bt ikeep on hearing her saying umntu uyaze ashiye ikwabo afune uyozi mela alibale kokwabo ndizibuze kanjan umntu kanti funeke enze njani them ddnt listen to the parents bt wena umust do that ubambekise bomi at home yhoo,1270731765259350016,2021-03-09 21:13:56
1369396348664025108,the nations capital has asked the biden administration for help with lagging vaccine rollout but it hasnt come yet httpstcoqexdvtc httpstcoeibijefie,7309052,2021-03-09 21:15:06
1369396390959472640,but gme amc had nothing to do with it ü§£,210901881,2021-03-09 21:15:16
1369396395120205824,girls ziya sufferisha yhooü§£ü§£,1221753219132555264,2021-03-09 21:15:17
1369396966678007815,man city on fire in training after derby defeat says guardiola httpstcokgjgvgwz httpstcouupmdadd,1218217315747205120,2021-03-09 21:17:33
1369398160347566086,httpstcoucgczluub how do you destroy a political party trump seems to have a plan working for the gop divide and conquer,47518480,2021-03-09 21:22:18
1369398168924921865,edumisaeddie genu yhoo mfe sibuthwele ubunzima,1270731765259350016,2021-03-09 21:22:20
1369398588091101209,achv smokers and vapers attitudes perceptions on quitting vaping nicotineuse httpstcoanxsthwz httpstcokccnewwju,201537863,2021-03-09 21:24:00
1369398872984981508,when a baby dino named wanda keeps wandering off the ranch the kids go to investigate and discover that she‚Äôs made a home with a new family watch this exclusive dinoranch clip at yahooent httpstcopovshzci,1339721019993411585,2021-03-09 21:25:08
1369399267752894469,yhoo why am i so pretty,1008348520498286593,2021-03-09 21:26:42
1369399372925042692,chipotle unveils quesadilla but for digital customers only httpstcoendfkcmp by brookedipalma httpstcoxlncfbgr,19546277,2021-03-09 21:27:07
1369399511018258432,this is tigraygenocide the world needs to help please please please,1356697495917613062,2021-03-09 21:27:40
1369399522825232396,mufanem yhoo ene wee those people are the worst they say the most vile things and take no accountability,516391428,2021-03-09 21:27:43
1369399719374491652,yhoo its hot,2337767610,2021-03-09 21:28:29
1369400098388668434,what was the dumbest reason you stopped talking to someone httpstcoojcghjwx,212715586,2021-03-09 21:30:00
1369400123562803208,yahoofinance welcomed cignas president and ceo david cordani to speak about cignas dedication to investing in longterm health care advancements click to see the full interview httpstcoxxewhc,37687077,2021-03-09 21:30:06
1369400173126955013,bush and clinton portraits hidden by trump are once again displayed in white house httpstcopllpjjxn httpstcotctvdcnnfg,7309052,2021-03-09 21:30:18
1369400385559990276,yhoo,3418338430,2021-03-09 21:31:08
